Author,Comment Text
@mrthanamphu,"We would vote this party for changing, destory old politics, LET'S GO 🧡🧡🧡🧡🍊🍊🍊🍊"
@GojoSatoru6811,Don't forget to give the land back to Cambodia
@ShadowVex-240,"As a Thai citizen, I've heard a lot of news in the provinces this year about vote buying and a lack of transparency in the election."
@wuttijinda6015,ขอวิจารณ์นะพรรคส้มไม่ใช่มาตอกย้ำความล้มเหลวแต่ความผิดพลาดครั้งนี้มันยากมากจะกลับมาได้ เพราะ พรรคน้ำเงินเขาก็ต้องทำแบบเดิมต่อไปและสร้างพลังฐานต่อไป แต่ถ้าส่ม เลือกเพื่อไทยตอนนั้น แล้วยุบสภาเลย แน่นอน ส้มมาเป็นที่1 แน่ๆ น้ำเงินยังไม่มีเวลาเติมกล้วยเลย  นี้มันคือ เกมตอนนี้คนคุมเกมคือ.....มันเสียดาย..สู้ต่อไปนะคงใช้เวลาอีกนานถึงจะกลับมาได้
@charochama,😢 it’s done
@hunspeaks,LOL nope.
@martinlai923,king is the obstacles 😂😂🎉
@nickshv8727,"DO NOT BE IDIOTS! If you want CULTURAL DEATH for you country - go for it... Please people have your own head on your shoulders, don't be blind... Otherwise you'll become US's puppy. If you go for it - Thailand will not be free, it's going to be a CULTURAL DEATH!!! You WILL BE BETRAYED if you believe these a***holes!! Remember this comment! Hail the Thai KING!"
@Jenny-ty5gx,願泰國以後不要再被軍方將領把權了.
@mogambo4565,I mean is this even a democracy where the winning party has been disbanded and losers have been running the country because they wanted archaic laws gone.
@hongofview1352,Only People Party 😊 Vote for change
@Troysyy,🧡🍊✅
@wanwisasriprasert8687,🧡🧡🧡🧡🧡🧡🧡🧡🧡🧡🧡🇹🇭🇹🇭🇹🇭🇹🇭🇹🇭🇹🇭🇹🇭🇹🇭
@thehearttytrip,We need to change 🍊🍊🧡🧡
@MumiYamashita,"They won before as 'Move Forward' but were dissolved by unfair laws. Now, despite more election cheating and obstacles, the people are more united than ever. We believe our voices are stronger than their dirty games. That’s why we’re fighting for this party to lead the country."
@Theherolegend,"This party creates hatred among people, hatred between the public and government agencies, hatred towards the military and the monarchy. This is not the norm for a politician."
@SORACHATAN,🧡🧡
@GhoulLcf-o7g,ว้าว 😮
@Theherolegend,"People who desire equality, but they will unknowingly become slaves to capitalists."
@GalaxyJ-mr3lp,Sure Thailand people party cannot finish for new government The shadow of Thailand approved blue party for kingdom Thailand the great as the action plan in the past
@NitiponPonJanice,Love and support People's Party thanks Thai People's Party for your leadership together we'll make our country great again more clean and Prosperous 🧡🧡🧡 🇹🇭🇮🇱🇺🇲🙏
@MaeveMg,With all my heart 🧡 I wish the People’s Party success in this election and in bringing Thailand forward into a new era. My heart stands with you all the way. Good luck🙏🏽
@NoYes-s7n,อนุทินไม่มีนโยบายอะไรมีแต่คำว่ารักชาติจนน้ำลายไหลโหนทหารไม่รู้มันจะโหนไปเพื่ออะไรน้ำท่วมภาคใต้ประชาชนลำบากรอรับการช่วยเหลือไม่พูดถึงสักคำ
@Roter-n1,I will vote pp today.
@speakout4999,Thailand still a complicate country
@speakout4999,They can !
@rebeccad8568,Rooting for you Peoples party love from England 🇬🇧
@sasiprapa.k,"We will not give up, even if those in power who are corrupting the nation try to obstruct us 🧡"
@O-ha-ocrafttoys,🧡🧡🧡✊🏻
@Enzo_Fernandez8,พรรคประชาชน เป็นพรรคเดียวที่ถูกองค์กรอิสระลงโทษ พวกเราประชาชน จะสู้จนกว่าจะได้รับชัยชนะ และเปลี่ยนแปลงประเทศไปในทางที่ดี จะไม่มีสแกมเมอร์ จะไม่มีทุนจีนเทา ที่คอยกัดกินทรัพยากรกัดกินผืนแผ่นดินไทยอีกต่อไป🍊🧡4️⃣6️⃣
@NgeNgoc,Is there a point of having an election when the country is still ruled only by the military and the royal?
@alexsudkhate,Never give up
@basedinme9828,People party is a socialist party they want to overthrow the monarchy.
@ayu1204,We will never give up! The country belongs to all people not only the 1% elite 🧡🍊
@kamfamily3047,🧡🍊🍊🧡
@Annasupermom12345,"Not anti-change — just anti-amateurism. Thailand needs execution, not activism."
@coffeepunn8177,🍊🍊🍊🍊🍊🍊🍊🍊
@coffeepunn8177,🧡🧡🧡🧡🧡🧡🧡🧡
@dujdaoliljenberg607,🧡🧡🧡🧡🧡🧡
@tejasala628,There is only one political party that can transform Thailand!! From a ailing country to a strong and healthy one: the People's Party. 🧡🍊
@MaeveMg,🙋🏽‍♀️🙋🏽‍♀️🙋🏽‍♀️🙋🏽‍♀️🙋🏽‍♀️
@Oookok77,มี
@Oookok77,คุณไม่ได้อยู่ไทยซะหน่อย
@Oookok77,ไม่รู้อะไรอย่าพิมพ์
@Gbfsj,ไปคุยกับควายสลิ่ม
@ferret406,"Thai politics is a joke, 18th PM in 20 years, pathetic."
@humphreysbc,🍊🍊🧡🧡🧡🧡🧡
@inwFeliZ,😘🧡🍊🧡🍊
@kapook23nov,The winds of change are blowing once again.!!! #Thailand ❤❤❤
@VJSAM-ql8fp,"We never give up people’s party will be Thai government,🇹🇭🧡🧡"
@onlybff,"We love and support people party . We will be voting for people party until they become a government, we wanted to see our country move forward. People party only is our future government."
@tonthon8107,Let's move towards a brighter future together... Choose number 46....😊🧡
@raisingrace,🧡🧡
@chainarong2121,Change
@voranartsirisubsoontorn,❤
@natchau7863,กา ส้ม สองใบ ทั้งบัตรพรรค ทั้งบัตรเขต และเห็นชอบรัฐธรรมนูญ
@Kumbuiy,ส้ม 2 ใบ 🧡🍊🧡46ส้มทั้งแผ่นดี🧡🍊🧡46
@Stevie59,WE WILL WIN! 🧡
@bonsistyleMa-Aoy,ดังแล้ว
@ManiMani-zz5pi,Tomorrow 8 All  Thailand Orang ya
@nichapa6012,🧡🍊🧡🍊🧡🍊🧡💪
@voldemortpotter2592,😂😂😂😂😂😂 Dumb socialist party 😂😂😂😂😂😂
@siripremprayoonchan8976,🧡🍊🧡🍊🧡🍊🧡🍊✌️✌️✌️
@ChuckBass-u8p,"The lady on the left of the preview frame which supposes to be minister of commerce has ""0"" experience in real world trade and merchandise. How can this party properly led this low-rise GDP country?"
@Ot-g3o,🧡กา2เยอร์🍊46🍊🧡46🍊46🧡46🧡46🧡🍊🍊🍊🍊🍊🍊🍊🍊🍊🍊
@XO0FX,เธอเป็นคนละเอียดมาก ในด้านการเงินและงบประมาณ เธออภิปรายเกี่ยวกับการใช้เงินของรัฐบาลและการคอรัปชั่น เธอเรียนจบด้านการเงินจากฝรั่งเศสและอื่นๆ ผมมั่นใจในตัวผู้หญิงคนนีัมากๆ
@arnnerone4819,"Khun Sirikunya, she studied in economics and had worked for TDRI before she joined the party. I'm pretty sure she'll very well fit-in, in charge of ministry of commerce. Anything can be learned and accomplished if you have will and empathy"
@sundancekick9359,🧡🧡🧡🧡🧡🍊🍊🍊🍊🍊🍊
@TheSentinelofLiberty1943,"I pray for the Thai people to have democracy, equality, prosperity and peace."
@tanawutsuthiseranee460,"This People's Party sits in the heart of the FCs who are the youngster, the workers, the middle class, and the educated in every province throughout Thailand. They want changes for a better Thailand and better lives."
@honeyandmeeatandtravel8195,We pround of you and will be suppoted to you The People party🧡🧡
@kittikunkhumpimai1984,"Hope for thai People
Change for progress."
@kampong0511,🧡🧡🧡🍊🍊🍊
@pitakkasikij5767,The People's Party for all Thai people.
@TanitKongpet,46🧡🧡🧡🧡🧡
@TheSuperPR,Yes they probably win but to form a cabinet maybe not easy. The old guard is there.😢
@Puimak01,People 's party is the best and the best for Thai people  🍊🧡💪.
@reachtrita,"Thailand’s chance to finally have an honest and qualified government. I wish and hope the People’s party win big and get to work to turn the country around from corruption, wealth gap and slow economic growth."
@MomChomPoo,🧡🧡🧡🧡
@SantiSanti-hm5ts,🧡🧡🧡🤘✌️
@beingonthewave7982,Poisonous Party
@Jjjjjjjjjjjjjjjjjjjjjjkk,"Whenever this party governs Thailand, Thailand will back in the place it should have been. They may start with the youngs but now many academic professors and successful business people support this party publicly and many conservatives in the past (the yellow shirt) turn to support them"
@MrNicoandnat,🧡🧡🧡🧡🍊🍊🍊🍊🍊🍊🍊
@feedmeifyoudare7613,🍊🍊🍊🍊🍊🍊
@feemcody,🧡🧡🧡 Always and forever. Freedom of speech.
@Tatson-g4u,🧡🍊
@lovedocomo,"Only the People's Party can make Thailand prosperous and decisively combat corruption. The party's goal is for the people's power to be supreme, preventing the military, capitalists, and the elite from seizing control of Thailand again."
@deoriolos,Thank you for your kindness!
@pisistkulasetthakorn9360,"They do it for themself, not for Thai people. Politics has never been for people."
@arnnerone4819,Time is on their side. The OLD will be sidelined
@Joew620,how does it feel when ten millions votes loses to a couple hundreds decisions
@lovedocomo,只有人民党才能使泰国繁荣昌盛，并彻底打击腐败。人民党的目标是实现人民至上，防止军方、资本家和精英阶层再次掌控泰国。🧡🧡🧡🧡🧡🍊🍊🍊🍊🍊
@mamanpd5341,Hopefully the new leader will continue the Kra Canal project. So that Thailand's income and economy will increase even more.
@Jame-Appz,Number 46 — Vote for change.
@英介木下,😮😮😮😮😮😮
@tokgrandpark277,They are our hope🍊
@gaohuynhanderson,I’m rooting for you from 🇺🇸!! I’m Team People’s Party!! 🧡🧡🧡
@prapaipatklungsupya8763,The People’s Party ..is the ฺBEST one to form the next government !!!
@wiseman800,ต่อให้ยุบพรรคอีกกี่ครั้งก็จะเลือกส้ม🧡🧡🧡
@Constella-xyz,"There are rumors about coincidence sign!
He looks like lee kuan yew who came to lead country to the right direction.
His nickname is Deng same as Deng Xiao ping who lead country to prosperity."
@chenkun9.81g9,May God help you to make a change. I love Thailand.🍑
@power-c5y,People party will win.
@peterkuek2316,If the court did not dismiss PM 31 now Thailand will not be in turmoil
@Champagneatsea,It started from jail…and will finish in jail. 😅
@TheerayutChansri-rq7pk,🤎🤎🤎🤎🤎🤎🤎🤎🤎🤎🤎🤎🤎🤎
@truthseeker232,"The owner of this party studied Marxist-Leninist theory (Wikipedia) ...Mao used ""Red Guards"" to destroy the the Four Olds"" to enforce communist ideas in China."
@PaulinAsia555,"If they do, the Conservatives will find a way to deny them."
@gingercat-paultyr,I personally want to see the big change in Thailand.
@Δέλτα-ε7ν,"For those who've come before, those who are here, and for those who come after: vote for Thailand's People Party! 🇹🇭🍊🧡🙏"
@jany2465,🎉🎉❤❤ฉันรักพวกเค้า🎉🎉
@sarayutartwong4761,🎉 People Party Government 🧡🧡🧡
@jaguarofoz,..and the People said 'Let there be light' - Power of the powerless. Go Tangerines 🎆
@humphreysbc,🍊🍊🧡🧡🧡🧡🌹
@Chris-tm4zq,You mean the people party that lost. Lol 😂.
@nickshv8727,I love Thailand more than you. And this party is a bunch of bastards. You're going to see it in few years if these ass*oles win
@nickshv8727,= cultural death for Thailand
@arnnerone4819,The Conservatives are running out of ways and time. Democracy is not that cozy
@Nozomi600,Senators can't vote this time. The conservatives have no excuses to deny the people's power anymore. 🧡🍊
@newworld6080,no more People Party Government on the real world.
@arnnerone4819,​ @newworld6080 The real world has no place for people who don't even dare to dream
@sarayutartwong4761,@n @newworld6080 yes they will. 🧡
@nickshv8727,A**holes
@CanYouKeepSecrets,Corruption won’t go away easily from Thailand
@nickywan8796,🧡 🧡🧡🧡
@Yubaba19th,"It has been a rough and tough road to grow true democracy in Thailand with an existing power of RIGHTY. After a soldier coup in 2014, Thailand has been nothing but declining and dying country. The saddest part is that there are lot of Thai ppl who aren't aware of this."
@Jack06629a,"They should add the word ""Action"" to their name to have a chance."
@thanate5154,"People's Party has run a great campaign and in a ""regular"" democracy, we would have no doubt that it will win a majority and can form a government."
@1ndms,Thai people will never give up.we will vote this party until they can form government 🧡🧡🧡🧡🧡🧡🧡
@KrisM-hp7sz,We will try our best 😎
@dayprint4563,พรรคประชาชน  will win and the hope will come
@US168P,"I am thai....very hopeless because a good team พรรคเศรษฐกิจ can""t fight with bad teams 😭😭😭😭😭😭😭😭😭😭😭😭😭😭"
@nantasinchinklang3613,The only hope for Thailand is on People's Party
@zenweaver,The real government is the Royalty.All this is for show.
@chachuchuchacei09,"Even international observers understand why the former Move Forward Party failed to form a government last time. In this election, the Orange Party (People’s Party) is certain to lead the formation of the next government. ขนาดต่างชาติเขายังเข้าใจเลยว่า อดีตพรรคก้าวไกลที่สมัยที่แล้วไม่ได้เป็นรัฐบาลเพราะอะไร แต่เลือกตั้งรอบนี้พรรคประชาชนสีส้ม ได้เป็นแกนนำจัดตั้งรัฐบาลแน่นอน"
@AmethystZee,Destroy thailand that is what their aim. No reform of anything to benifit the country just want to change the laws to safe their own representatives from goingto jail.
@ryanjill1479,"No need mor plai or anan to predict, very sure the outcome will be as following.
 The People's party will win the largest seats in the election, and it is able to coalition with some of the small parties to form the government.
However, after a while, the conservatives or the military will again raise issue with the constitution court that PA has violated certain laws etc etc. then PA coalition will be disbanded again and the military backed party will takeover ."
@Annasupermom12345,"In my view, the People Party’s leadership team, PM and deputy PM candidates included doesn’t match the depth of experience and professionalism shown by Supagee and the seasoned team at Bhumjaithai. Real-world results and track records matter far more than rhetoric or marketing."
@alexgoslar4057,"I wish that it wasnt the case, but Thai politics is marked by profound misunderstanding and misconceptions."
@Hea9lt9hy9,Corrupt and no democracy in Thailand
@TerenceTHNg,"This party attracts the young and educated who want reforms for a better and progressive Thailand. So many roadblocks ahead. Unless, the Constitution is amended, reforms will take a backseat. The Thais deserve better. Change for good of all."
@avatar_tian9340,People's Party Governing? Yes Indeed❤❤
@paulverdon4362,"as a non thai living in Thailand these guys scare me a little, there country i know but they seem rather racist"
@reachtrita,"That is the problem. Not being aware, they are denying  for change."
@yayheeyhiii,✅✅✅
@lovedocomo,"Only the People's Party can make Thailand prosperous and decisively combat corruption. The party's goal is for the people's power to be supreme, preventing the military, capitalists, and the elite from seizing control of Thailand again.🧡🧡🧡🧡🧡🍊🍊🍊🍊🍊"
@leszen6302," @lovedocomo  
Dream on.

The Thai Teochew elite in Bangkok with backing of military will never give up their power as puppetmaster."
@ManiMani-zz5pi,Thanks ya 🍊
@Yiimwanjourney,I agree with that. I will vote this party until they can be prime minister  🍊🍊🍊🍊
@mawinfirst6243,Majority of Thai people
@NitiponPonJanice,Me too love and support People's Party thanks Thai People's Party for your leadership together we'll make our country great again more clean and Prosperous 🧡🧡🙏
@TerenceTHNg,Good. Keep fighting for a better Thailand.
@nickshv8727,Yeah... make Thailand US's puppy... CULTURAL DEATH
@SilasHaslam,"AFD even needs to establish themselves for 1 election before the explosive growth, the Economic party will surely gain some ground this election. I don’t think the world is going to end tomorrow even the orange wins again. (They won’t be able to form a coalition and that’s totally on them) Let’s see after this it’s just the beginning."
@mesamis144,No country is better than Scambodia
@winterlion9366,There is no democracy in Thailand.  It's a de - mock crazy.  Not pro democracy.
@Veltrona8,"Thailand needs the People’s Party precisely because mindsets like yours are everywhere. The country isn’t being held back by reform, it’s being held back by people like you."
@AmethystZee,"​ @Veltrona8 If I have that many likemind , thenI am glad since Thailand probably can avoid having this pretentious party as new leader. 😊"
@arnnerone4819,Dilusional
@Veltrona8,"You’re mistaking “long resumes” for real capability. Bhumjaithai’s team may be able to manage what already exists—budgets, welfare schemes, quick wins—but that has nothing to do with building the technological foundations Thailand actually needs. Deep tech and semiconductor design require decades of R&D, failure, IP creation, and real engineering power. They don’t even have the ability to understand that world. Thailand moves forward only when someone builds something genuinely new, not when someone maintains the old system. Managers can keep the machine running, but they will never transform it."
@Annasupermom12345," @Veltrona8  This is a very romantic take on “deep tech,” but it confuses ideology with execution.

No country builds semiconductor ecosystems through vibes, speeches, or activist energy. They do it through coordination: government + industry + global partners + capital + regulation + talent pipelines. That’s not “maintaining the old system”, that is how Taiwan, Korea, Japan, and even the US actually built theirs.

Real deep tech starts with people who understand how large systems work in practice: supply chains, procurement, IP licensing, cross-border partnerships, risk management, and scaling. That’s why seasoned operators matter. Experience isn’t cosmetic, it’s compounding.

Ironically, the belief that “managers can’t transform” is exactly what people say before they’ve ever built anything at scale.

Also, let’s be honest: writing ambitious policy decks about semiconductors ≠ understanding semiconductor manufacturing. The gap between theory and delivery is where most “revolutionary” ideas quietly die.

Transformation doesn’t come from rejecting the system.
It comes from knowing it well enough to bend it.

That’s why I back teams who’ve actually worked across industries, borders, and crises …not those still auditioning in the comment section."
@wattana5028,"Please think about this.If the blue party came back to form the government it may put your ""seasoned team"", only three of them,at the same position to make it look good in the eyes of people like you but how about the rest. For sure it's going to put the same old ugly faces to enjoy the high budget ministries as it has been done.So Miss G and her team are nothing but sugarcoat."
@Annasupermom12345,"⁠Fair point, and I appreciate the respectful tone despite our differing political views. As Thais, we both want what’s best for the country. Thailand absolutely cannot afford sugarcoating, especially in critical ministries. But I strongly disagree that Bhumjaithai is just three faces for optics.

What gives me confidence is the depth behind the scenes: seasoned technocrats, private-sector operators, and professionals who have actually built and delivered in the real world. Governance is execution, not stage performance.

This is also why, for this round, I don’t see the People Party as suitable. Their core strength is activism and messaging — not coalition-building, not execution, and not working constructively with industry or institutions. That may work in opposition politics, but it’s a high-risk approach for governing in a volatile global environment.

Real transformation doesn’t come from shouting “revolution” louder. It comes from cooperation with the private sector, global partners, engineers, and operators who’ve built and delivered success before.

Leaders like Khun Supagee matter not just for their resumes, but because they attract other high-caliber people into advisory and execution roles. Talent follows credibility. Ecosystems don’t form around slogans.

Thailand isn’t a campus debate or a policy lab experiment. It doesn’t need a protest movement in power right now. Thailand needs a team that can keep the system running while upgrading it responsibly with competence, stability, and respect for institutions. 

That’s why, this time, I choose execution over theatrics."
@arnnerone4819,"All the seasoning at surface level and you easily fell for it. 😂 This is why Thailand hasn't changed, for the better. Too many simple minds dilute the progress"
@Annasupermom12345," @arnnerone4819  Do you know what “simple minds” actually do?
They resort to insults when faced with disagreement. They avoid substance, dodge specifics, and replace reasoning with name-calling. Simple minds also tend to fall into cult-like politics. Have you actually looked at the work experience of the People Party’s candidates? 

Aren’t Thanathorn and Pita also heavily sugar-coated by branding? In Pita’s case, there have been publicly reported legal and personal disputes involving his wife, which many voters understandably consider when assessing leadership and judgment. These are not rumors, they entered public discourse and legal processes, and people are entitled to factor them into trust.

For Thanathorn, concerns raised by many Thais are not about his family origin (even though his ethnicity is 100% Chinese and his parents migrated to Thailand relatively recently), but about values and alignment with national interests. When there are reports (Bloomberg) about major Thai industrial assets potentially being sold to foreign interests, or repeated rhetoric perceived as dismissive toward the military and national history, it raises legitimate questions about priorities and sensitivity to Thailand’s historical and security context.

None of this is about hatred or exclusion. It’s about whether someone seeking national leadership understands, respects, and prioritizes the country they want to govern, its institutions, its history, and the people who have safeguarded it.

And seriously, Mai Sirikanya as Minister of Commerce? That’s like putting an intern in charge of chaos control. Being a researcher at TDRI is acceptable, but it’s not comparable to running global enterprises.

Contrast that with DPM Supagee, former MD at IBM, former CEO of Thaicom, Forbes Asia’s Power Businesswomen, Bangkok Post’s Best CEO. 

Or Khun Eakniti, who has worked with global financial institutions such as World Bank in Washington D.C. representing Southeast Asia constituency Chair & board roles in major Thai financial and state enterprises, including: TMB Thanachart Bank (TTB), Bank of Krungthai, PTT Exploration & Production (PTTEP), National Credit Bureau.

People capable of intellectual discussion don’t need to belittle others. They engage, challenge ideas, and defend their views with logic and evidence.

If you want a real discussion, bring depth. If all you have are insults, go get yourself some education."
@usermumimumiii,"I think Cambodia is worse. They've had the same prime minister for 40 years, but the country hasn't developed."
@Chris-tm4zq,"Thailand is a free and independent country It has never been rule, control or been colonized by any foreign power. Not like Claimbodia. Who will always be beneath the French. And loves to listen and follow that idiot Hun Sen"
@pattanapichaisaensingreeki959,Never ever
@Joew620,"indeed corrupted, but in the end people’s power will win"
@lovedocomo,"Only the People's Party can make Thailand prosperous and decisively combat corruption. The party's goal is for the people's power to be supreme, preventing the military, capitalists, and the elite from seizing control of Thailand again.🧡🧡🧡🧡🧡🍊🍊🍊🍊🍊"
@TerenceTHNg, @lovedocomo  Support peoples Party for a better Thailand. Especially the young generation. Vote for your future.
@asurpriseguest4966,Not just amend it. We new a NEW fair and reasonable constitution!!! Not this the most crooked and bizarre constitution that the junta government left for the country!
@pisistkulasetthakorn9360, @lovedocomo  It's like children in the playground.
@Veltrona8,Real expats in Thailand usually support reform and the People’s Party. Comments like yours sound more like coordinated IO than someone who actually lives here.
@paulverdon4362, @Veltrona8  define real expat please farang
@paulverdon4362," @Veltrona8  i live in the north east , there not keen on reform, you sound like an expat,"
@usermumimumiii,"I'm a young person from the Northeast, and the older people in this region only hinder the country's progress. The truly unpatriotic party is the one that's currently corrupting the nation. Conservatives wouldn't understand.😭😭"
@WeAreTheSaverofDepths,มึงพูดอะไรของมึง
@Chris-tm4zq,And foreigners should not get involved in  Thai politics. Worry about your own country politics.
@makaranov6923,All the party in Thailand use invading Cambodia for marketing .
@keatkhamjornmeekanon7616,The current People's Party leader lacks charisma.
@keatkhamjornmeekanon7616,The answer is ‘no‘.  They will lose party list votes in the South and many constituency or electorate in Bangkok.
@makaranov6923,"The coup will be happen again in Thailand, that why thai Royal Thai army invaded Cambodia territory to make popularity."
@TheKaMeLRo,Cambodians have enjoyed 40 years of a dictatorship family that uses nationalism to provoke neighboring countries.
@Chris-tm4zq, @TheKaMeLRo Claimbodia loves to kiss Hun Sen ass. That’s why Scambodia believes everything Hun Sen says.
@makaranov6923,​ @TheKaMeLRo   hey thai thief how about your country now 😂 Thailand is sick man of Asia 😂
@Jame444-h5k,"Nothing is more certain than having Hun Sen as Prime Minister, because Hun Sen is getting richer every day, while Cambodia is getting poorer every day, and the country is plagued by crime."
@makaranov6923,​ @Jame444-h5k hey thai how about your country now 😂
@Chris-tm4zq,"Cambodia are ungrateful people. Thailand has help Cambodia out so many times. During the Khmer Rouge regime If it wasn’t for the king mother her majesty Queen SiriKit who let the Khmer refugees into Thailand. And took care and support them. By giving Cambodian a temporary place to stay and providing medical aid.  those Khmer refugees would have died if it wasn’t for Thailand. And what do Cambodian do instead of showing their respect/ appreciation to Thailand and Thais. Cambodia lie,steal, claim land that don’t belong to them. 🇹🇭🇹🇭🇹🇭🇹🇭🇹🇭 https://youtu.be/_JIG0OKuYtw?si=HuAHDfERGLtfTnt_"
@kankaspuma7997,"I want to teach the Cambodian people that their enemy is not Thailand, but the Hun Sen regime. Cambodia has been known as one of the poorest countries in the world since gaining independence from France, and it remains so today, and will continue to be so as long as the Cambodian people remain dumber than people of other nations."
@Baconyu,Some*
@thea6573,So why Cambodian like you not support this party? This party not support the war.
@midum3302,​ @thea6573 😂😂😂😂👍🙏👏👏👏👏👏
@Veltrona8,"Countries aren’t run by charisma. They’re run by competence, integrity, and policies. If charisma was all that mattered, Thailand wouldn’t be in this situation to begin with."
@keatkhamjornmeekanon7616,​ @Veltrona8 Charisma can bring votes. Pita is more charismatic than Nattapong. Human has both rationality and irrationality in combination.
@raunetty,real worry comes from this problematic fact
@arnnerone4819,What a shallow thinking
@keatkhamjornmeekanon7616,"​ @arnnerone4819 Not shallow, man! It's their problem."
@ณภัทร2009,Well let’s hope!
@arnnerone4819,"We'll see, crybaby !"
@avatar_tian9340,Then you are pro-monarchy party.😂😂
@keatkhamjornmeekanon7616,"​​ @avatar_tian9340 I vote for them only in municipal election. After breaking down the polls by constituency or electorate, they will lose huge party-list votes. It means they will lose many seats from the party list, whereas their gain from other regions won't make up for their loss. Moreover, they will lose both constituency and party list in Bangkok. That's huge loss for them."
@Annasupermom12345,"In my view, the People Party’s leadership team, PM and deputy PM candidates included doesn’t match the depth of experience and professionalism shown by Supagee and the seasoned team at Bhumjaithai. Real-world results and track records matter far more than rhetoric or marketing."
@Veltrona8, @Annasupermom12345  I wonder why you keep posting the same message over and over. Do you get paid to do that?
@usermumimumiii," @Annasupermom12345  Why don't those with experience improve the country? Instead, they cause it to decline. Why do they engage in corruption?"
@avatar_tian9340,​ @Annasupermom12345 Don't care. People's Party can lead better than other parties in Thailand.😂😂
@Chris-tm4zq,"Cambodia are ungrateful people. Thailand has help Cambodia out so many times. During the Khmer Rouge regime If it wasn’t for the king mother her majesty Queen SiriKit who let the Khmer refugees into Thailand. And took care and support them. By giving Cambodian a temporary place to stay and providing medical aid.  those Khmer refugees would have died if it wasn’t for Thailand. And what do Cambodian do instead of showing their respect/ appreciation to Thailand and Thais. Cambodia lie,steal, claim land that don’t belong to them. 🇹🇭🇹🇭🇹🇭🇹🇭🇹🇭 https://youtu.be/_JIG0OKuYtw?si=HuAHDfERGLtfTnt_"
@paulverdon4362,"really, how do you know that😂"
@makaranov6923,Thailand has had About 30 coup attempts (successful and failed combined) have occurred since about 1912.
@thea6573,Looks like Cambodia people not happy for this Thai party to stop the war.
@Chris-tm4zq, @thea6573 You mean the war where Claimbodia like to steal land and scam people
